Title,Link,Date,Author,Excerpt,Text Chunks
Grand Egyptian Museum Opening July 3!,/blog/grand-egyptian-museum-opening,1/30/25,Gus Gleiter,The Grand Egyptian Museum the largest archaeological museum in the world has its opening date set for July 3 Or so they say Heres what we know about the Grand Egyptian Museum opening and when to expect Egypts newest museum to open,The Grand Egyptian Museum the largest archaeological museum in the world has its opening date set for July 3 Or so they say Heres what we know about the Grand Egyptian Museum opening and when to expect Egypts newest museum to open
Egypt Itinerary 10 Days with Nile Cruise,/blog/egypt-itinerary-10-days-with-nile-cruise,1/22/25,Gus Gleiter,Use this Egypt Itinerary 10 Days with Nile Cruise to help plan your trip to Egypt see what you can do with a 10 full day trip and check all of those ancient Egyptian sites off of your bucket list in Cairo Luxor Aswan Abu Simbel and Alexandria,Use this Egypt Itinerary 10 Days with Nile Cruise to help plan your trip to Egypt see what you can do with a 10 full day trip and check all of those ancient Egyptian sites off of your bucket list in Cairo Luxor Aswan Abu Simbel and Alexandria
Things to See in Luxor Egypt,/blog/things-to-see-in-luxor-egypt,1/12/25,Gus Gleiter,Luxor is the secondmost important place to visit in Egypt aside from the Giza Pyramids and the Sphinx Places like Karnak Temple the Valley of the Kings Hatshepsuts Temple the tomb of King Tut and doing a sunrise hot air balloon over the Nile River are just a few of the experiences this city in Upper Egypt has to offer during your trip Lets talk about the must see attractions in Luxor the best Luxor restaurants best hotels in Luxor and answer all your frequently asked questions before your Luxor trip,Luxor is the secondmost important place to visit in Egypt aside from the Giza Pyramids and the Sphinx Places like Karnak Temple the Valley of the Kings Hatshepsuts Temple the tomb of King Tut and doing a sunrise hot air balloon over the Nile River are just a few of the experiences this city in Upper Egypt has to offer during your trip Lets talk about the must see attractions in Luxor the best Luxor restaurants best hotels in Luxor and answer all your frequently asked questions before your Luxor ; trip
Dahabiya Nile Cruise - guide to sailing on Egyptâ€™s Nile River!,/blog/dahabiya-nile-cruise-guide,11/8/24,Gus Gleiter,A Dahabiya Nile cruise is the best way to experience the magic of Egypts Nile River Learn what a Dahabiya is why sail down the Nile on a Dahabiya instead of a larger cruise ship explore some great options for luxury Dahabiya Nile cruises and get answers to all your questions about this type of sailing ship,A Dahabiya Nile cruise is the best way to experience the magic of Egypts Nile River Learn what a Dahabiya is why sail down the Nile on a Dahabiya instead of a larger cruise ship explore some great options for luxury Dahabiya Nile cruises and get answers to all your questions about this type of sailing ship
Grand Egyptian Museum opens 12 NEW GALLERIES!,/blog/grand-egyptian-museum-opens-12-new-galleries,10/21/24,Gus Gleiter,On October 16 2024 the Grand Egyptian Museum opened up all of its main galleries to the public Check out the 12 new galleries in the GEM see how to buy Grand Egyptian Museum tickets learn how to get to and from the newest museum in Cairo plus read answers to all the frequently asked questions about the Grand Egyptian Museum,On October 16 2024 the Grand Egyptian Museum opened up all of its main galleries to the public Check out the 12 new galleries in the GEM see how to buy Grand Egyptian Museum tickets learn how to get to and from the newest museum in Cairo plus read answers to all the frequently asked questions about the Grand Egyptian Museum
Egyptian Arabic for travel to Egypt: Arabic Words and Arabic Phrases to help with your trip,/blog/egyptian-arabic-for-travel-arabic-words-and-arabic-phrases,10/4/24,Gus Gleiter,If its your first time in Egypt you may want to learn some Egyptian Arabic phrases and words in order communicate with taxi drivers order from a street food vendor in Cairo or surprise and delight any locals you meetIn this post you will learn important words and phrases and discover resources to dive deeper into learning Egyptian Arabic to get the most out of your Egypt experience,If its your first time in Egypt you may want to learn some Egyptian Arabic phrases and words in order communicate with taxi drivers order from a street food vendor in Cairo or surprise and delight any locals you meetIn this post you will learn important words and phrases and discover resources to dive deeper into learning Egyptian Arabic to get the most out of your Egypt experience
"Aswan Travel Guide: Aswan Attractions, Hotels, Restaurants, and more!",/blog/aswan-travel-guide-attractions-hotels-restaurants,10/1/24,Gus Gleiter,In this Egypt travel guide I will share places to visit in Aswan like Philae Temple and the Aswan High Dam how to get to Aswan what hotels in Aswan I love and where to eat during your stay,In this Egypt travel guide I will share places to visit in Aswan like Philae Temple and the Aswan High Dam how to get to Aswan what hotels in Aswan I love and where to eat during your stay
Flights from the US to Cairo: ultimate guide!,/blog/flights-from-us-to-cairo-egypt,9/5/24,Gus Gleiter,Everything you need to know about flying to Cairo from the US like How to get to Egypt How long is the flight to Egypt Direct flight to Cairo from the US Airlines that fly to Cairo Flight deals how to find cheap flights to Cairo and when to book What to bring on your flight from the US to Egypt Entry visa and process at Cairo International Airport Your frequently asked questions about flights to Cairo,Everything you need to know about flying to Cairo from the US like How to get to Egypt How long is the flight to Egypt Direct flight to Cairo from the US Airlines that fly to Cairo Flight deals how to find cheap flights to Cairo and when to book What to bring on your flight from the US to Egypt Entry visa and process at Cairo International Airport Your frequently asked questions about flights to Cairo
What to pack for a trip to Egypt: The Ultimate Egypt Packing List,/blog/what-to-pack-for-egypt-packing-list,9/1/24,Gus Gleiter,Im always asked what to pack for Egypt so I decided to create a comprehensive Egypt packing guide includingWhat clothes to pack for a trip to EgyptWhat toiletries to take to EgyptWhat electronics to bring to EgyptEgypt travel essentials you didnt know aboutWhat NOT to bring to EgyptA complete packing list for EgyptFrequently asked questions about what to pack for an Egypt tripHave questions about what to take to Egypt Leave a comment and let me know your questions and Ill answer and then add more travel tips to this blog post,Im always asked what to pack for Egypt so I decided to create a comprehensive Egypt packing guide includingWhat clothes to pack for a trip to EgyptWhat toiletries to take to EgyptWhat electronics to bring to EgyptEgypt travel essentials you didnt know aboutWhat NOT to bring to EgyptA complete packing list for EgyptFrequently asked questions about what to pack for an Egypt tripHave questions about what to take to Egypt Leave a comment and let me know your questions and Ill answer and then add mor; e travel tips to this blog post
When is the best time to travel to Egypt?,/blog/when-is-the-best-time-to-travel-to-egypt,8/28/24,Gus Gleiter,We get asked the question When is the best time to travel to Egypt a lotThe answer depends on a lot of different factors like weather the peak season where there are a lot of crowds and whether or not Egypt will be observing Ramadan Also it depends on the type of trip you are doing a honeymoon getaway on the Red Sea or a sightseeing tour with a Nile CruiseWe will talk about all of the different factors to the best times to visit Egypt and also answer your frequently asked questions about when the best time to visit Egypt is,We get asked the question When is the best time to travel to Egypt a lotThe answer depends on a lot of different factors like weather the peak season where there are a lot of crowds and whether or not Egypt will be observing Ramadan Also it depends on the type of trip you are doing a honeymoon getaway on the Red Sea or a sightseeing tour with a Nile CruiseWe will talk about all of the different factors to the best times to visit Egypt and also answer your frequently asked questions about when th; e best time to visit Egypt is
Places to travel in Egypt: Egypt travel guide!,/blog/places-to-travel-in-egypt-travel-guide,8/25/24,Gus Gleiter,There are so many places to travel in Egypt its hard to decide just where to go Ill make recommendations in this Egypt travel guide for places to see in Egypt depending on how many days you have incountry and also some suggestions based on specific cities From ancient Egyptian sites to places tourists dont usually think about like some of the most amazing coral reefs in the world Egypt has so much to offer Lets look at the best places to visit in Egypt,There are so many places to travel in Egypt its hard to decide just where to go Ill make recommendations in this Egypt travel guide for places to see in Egypt depending on how many days you have incountry and also some suggestions based on specific cities From ancient Egyptian sites to places tourists dont usually think about like some of the most amazing coral reefs in the world Egypt has so much to offer Lets look at the best places to visit in Egypt
Is it Safe to Travel to Egypt?,/blog/is-it-safe-to-travel-to-egypt,8/23/24,Gus Gleiter,Yes Egypt is safe but despite saying this again and again I am still asked all the time is it safe to travel to Egypt Lets talk about safety in Egypt and discuss topics likeIs Egypt safe to visitCurrent travel advisories for Egypt from the United States State DepartmentSafety in specific areas like the Sinai Peninsula and the Western DesertTravel Egypt advice on safetyFrequently asked questions about safety in Egypt,Yes Egypt is safe but despite saying this again and again I am still asked all the time is it safe to travel to Egypt Lets talk about safety in Egypt and discuss topics likeIs Egypt safe to visitCurrent travel advisories for Egypt from the United States State DepartmentSafety in specific areas like the Sinai Peninsula and the Western DesertTravel Egypt advice on safetyFrequently asked questions about safety in Egypt
Travel advice on Egypt: use these tips to help with your Egypt trip!,/blog/travel-advice-on-egypt,8/15/24,Gus Gleiter,Planning a trip to Egypt can be daunting so here is travel advice on Egypt to help you get started on your Egypt itinerary prepare for your upcoming Egypt trip and answer your frequently asked questions,Planning a trip to Egypt can be daunting so here is travel advice on Egypt to help you get started on your Egypt itinerary prepare for your upcoming Egypt trip and answer your frequently asked questions
Can I wear shorts in Egypt? What to wear in Egypt,/blog/what-to-wear-in-egypt,8/10/24,Gus Gleiter,Many people ask does Egypt have a dress code What clothes should I bring Can I wear shorts in Egypt Lets talk about what to wear in Egypt for men and women the dress code in Egypt for tourists hint there isnt a set Egypt dress code and what to wear in Egypt in the cooler months November December,Many people ask does Egypt have a dress code What clothes should I bring Can I wear shorts in Egypt Lets talk about what to wear in Egypt for men and women the dress code in Egypt for tourists hint there isnt a set Egypt dress code and what to wear in Egypt in the cooler months November December
"Money in Egypt: Egyptian Pounds, Using ATMs, Currency Exchange, and more!",/blog/money-in-egypt-egyptian-pounds-using-atms-currency-exchange-and-more,7/31/24,Gus Gleiter,I am often asked about money in Egypt includingWhat currency is used in EgyptHow much and when should I tipWhere can I exchange moneyWill my credit cards work in EgyptThis blog post will cover all of those questions preparing you to be on top of your money game when traveling through Cairo and beyond,I am often asked about money in Egypt includingWhat currency is used in EgyptHow much and when should I tipWhere can I exchange moneyWill my credit cards work in EgyptThis blog post will cover all of those questions preparing you to be on top of your money game when traveling through Cairo and beyond
How much do I tip in Egypt? Whom do I tip?,/blog/whom-and-how-much-to-tip-in-egypt,7/30/24,Gus Gleiter,How much should I tip my tour guide in Egypt Whom do I pay a tip to at the hotel Can I tip in Egyptian currency or dollars All these questions and more are answered in this overview post on tipping in Egypt in 2024,How much should I tip my tour guide in Egypt Whom do I pay a tip to at the hotel Can I tip in Egyptian currency or dollars All these questions and more are answered in this overview post on tipping in Egypt in 2024
